{"acc": 0.8744199456199815, "loss": 0.12910486843528846, "_timestamp": 1712772903.659314, "_runtime": 0.8979158401489258, "_step": 7, "_wandb": {"runtime": 0}}